<?xml version="1.0" encoding="ISO-8859-1"?>
<project name="MicroEmulator">

<!-- @version $Revision: 2286 $ ($Author: skarzhevskyy $) $Date: 2010-01-14 11:37:31 -0500 (Thu, 14 Jan 2010) $ -->

    <publishDate position="left" format="MM-dd-yyyy HH:mm z 'GMT'Z" />

    <skin>
        <groupId>org.microemu</groupId>
        <artifactId>microemu-site-skin</artifactId>
        <version>1.0</version>
    </skin>

    <bannerLeft>
            <name>J2ME Device Emulator</name>
            <src>http://www.microemu.org/images/logo.png</src>
            <href>http://www.microemu.org/</href>
    </bannerLeft>

    <poweredBy>
        <logo
            name="Built by Maven"
            href="http://maven.apache.org"
            img="images/logos/maven-feather.png"/>
         <!-- This is done in skin -->
         <!--logo
            name="Metrics"
            href="http://www.ohloh.net/projects/6490"
            img="http://www.ohloh.net/projects/6490/badge.gif" /-->
    </poweredBy>

    <body>
        <links>
            <item name="Live examples" href="http://www.microemu.org/demo.html"/>
        </links>

        <!--4release-->
        <!--
        <menu name="Ver #version#" inherit="top"/>
        -->

        <!--4snapshot-->
        <menu name="Ver #build#" inherit="top">
            <item name="Release 2.0.4" href="http://microemu.org/"/>
            <item name="Snapshot 2.0.5" href="http://snapshot-2x.microemu.org/"/>
        </menu>

        <menu ref="parent" />

        <menu name="Overview">
            <item name="Introduction" href="http://www.microemu.org/index.html" />
            <item name="Usage" href="http://www.microemu.org/usage.html" />
            <item name="Applet config" href="http://www.microemu.org/applet.html" />
            <item name="Skin" href="http://www.microemu.org/skin.html" />
            <item name="Unit Tests" href="http://www.microemu.org/unittests.html" />
            <item name="Faq" href="http://www.microemu.org/faq.html" />

            <item name="Project site" href="http://microemu.googlecode.com" />
            <item name="Download" href="#">
                <!--4snapshot-->
                <item name="Snapshot" href="http://www.microemu.org/microemulator/download/"/>

                <item name="Releases" href="http://code.google.com/p/microemu/downloads/list"/>
                <item name="Maven" href="http://www.microemu.org/maven.html"/>
                <item name="SVN Access" href="source-repository.html"/>
                <item name="Browse SVN" href="http://code.google.com/p/microemu/source/browse/#svn/trunk/microemulator"/>
            </item>

            <!--4release-->
            <!--
            <item name="Preview 3.0.1" href="http://snapshot.microemu.org/" />
            -->

            <item name="Changes and Plans" href="http://www.microemu.org/changes-report.html" />
        </menu>

        <menu name="Live examples">
            <item name="Applets" href="http://www.microemu.org/demo.html" />
            <item name="Web Start" href="http://www.microemu.org/microemu-webstart/demo.jnlp" />
        </menu>

        <menu ref="modules" collapse="true" />

        <menu ref="reports" />

    </body>

</project>