<?xml version="1.0" encoding="UTF-8" standalone="no"?><templates><template autoinsert="false" context="gettercomment_context" deleted="false" description="Comment for getter method" enabled="true" id="org.eclipse.jdt.ui.text.codetemplates.gettercomment" name="gettercomment"/><template autoinsert="true" context="typecomment_context" deleted="false" description="Comment for created types" enabled="true" id="org.eclipse.jdt.ui.text.codetemplates.typecomment" name="typecomment">/**
 * @author ${user}
 *
 * ${tags}
 */</template><template autoinsert="true" context="delegatecomment_context" deleted="false" description="Comment for delegate methods" enabled="true" id="org.eclipse.jdt.ui.text.codetemplates.delegatecomment" name="delegatecomment">/**
 * ${tags}
 * ${see_to_target}
 */</template><template autoinsert="false" context="fieldcomment_context" deleted="false" description="Comment for fields" enabled="true" id="org.eclipse.jdt.ui.text.codetemplates.fieldcomment" name="fieldcomment"/><template autoinsert="false" context="filecomment_context" deleted="false" description="Comment for created Java files" enabled="true" id="org.eclipse.jdt.ui.text.codetemplates.filecomment" name="filecomment">/**
 *  MicroEmulator
 *  Copyright (C) 2001-2007 Bartek Teodorczyk &lt;barteo@barteo.net&gt;
 *
 *  It is licensed under the following two licenses as alternatives:
 *    1. GNU Lesser General Public License (the "LGPL") version 2.1 or any newer version
 *    2. Apache License (the "AL") Version 2.0
 *
 *  You may not use this file except in compliance with at least one of
 *  the above two licenses.
 *
 *  You may obtain a copy of the LGPL at
 *      http://www.gnu.org/licenses/old-licenses/lgpl-2.1.txt
 *
 *  You may obtain a copy of the AL at
 *      http://www.apache.org/licenses/LICENSE-2.0
 *
 *  Unless required by applicable law or agreed to in writing, software
 *  distributed under the License is distributed on an "AS IS" BASIS,
 *  WITHOUT WARRANTIES OR CONDITIONS OF ANY KIND, either express or implied.
 *  See the LGPL or the AL for the specific language governing permissions and
 *  limitations.
 *
 *  @version $$Id:  $$
 */</template><template autoinsert="true" context="overridecomment_context" deleted="false" description="Comment for overriding methods" enabled="true" id="org.eclipse.jdt.ui.text.codetemplates.overridecomment" name="overridecomment">/* (non-Javadoc)
 * ${see_to_overridden}
 */</template><template autoinsert="true" context="constructorcomment_context" deleted="false" description="Comment for created constructors" enabled="true" id="org.eclipse.jdt.ui.text.codetemplates.constructorcomment" name="constructorcomment">/**
 * ${tags}
 */</template><template autoinsert="true" context="methodcomment_context" deleted="false" description="Comment for non-overriding methods" enabled="true" id="org.eclipse.jdt.ui.text.codetemplates.methodcomment" name="methodcomment">/**
 * ${tags}
 */</template><template autoinsert="false" context="settercomment_context" deleted="false" description="Comment for setter method" enabled="true" id="org.eclipse.jdt.ui.text.codetemplates.settercomment" name="settercomment"/></templates>