<?xml version="1.0" encoding="ISO-8859-1"?>
<assembly>
    <!-- @version $Revision: 908 $ ($Author: vlads $) $Date: 2007-02-13 23:13:47 -0500 (Tue, 13 Feb 2007) $ -->
    <id>inject</id>
    <formats>
        <format>jar</format>
    </formats>
    <includeBaseDirectory>false</includeBaseDirectory>
    <fileSets>
        <fileSet>
           <directory>target</directory>
           <outputDirectory></outputDirectory>
           <includes>
                <include>microemu-injected.jar</include>
            </includes>
        </fileSet>
    </fileSets>
</assembly>