<?xml version="1.0" encoding="ISO-8859-1"?>
<assembly>
    <!-- @version $Revision: 2412 $ ($Author: barteo@gmail.com $) $Date: 2010-08-17 03:45:06 -0400 (Tue, 17 Aug 2010) $ -->
    <id>release</id>
    <formats>
        <format>zip</format>
    </formats>
    <includeBaseDirectory>false</includeBaseDirectory>
    <fileSets>
        <fileSet>
            <directory>${basedir}/..</directory>
            <outputDirectory>${artifactId}-${version}</outputDirectory>
            <includes>
                <include>LICENSE</include>
                <include>CREDITS</include>
                <include>TODO</include>
                <include>README</include>
            </includes>
        </fileSet>
    </fileSets>
    <files>
        <file>
            <source>${basedir}/target/microemulator-${project.version}.jar</source>
            <destName>${artifactId}-${version}/microemulator.jar</destName>
        </file>
        <file>
            <source>${basedir}/target/microemulator-${project.version}-sources.jar</source>
            <destName>${artifactId}-${version}/microemulator-sources.jar</destName>
        </file>
        <file>
            <source>${basedir}/../microemu-javase-applet/target/microemu-javase-applet-${project.version}.jar</source>
            <destName>${artifactId}-${version}/lib/microemu-javase-applet.jar</destName>
        </file>
        <file>
            <source>${basedir}/../microemu-extensions/microemu-device-large/target/microemu-device-large-${project.version}.jar</source>
            <destName>${artifactId}-${version}/devices/microemu-device-large.jar</destName>
        </file>
        <file>
            <source>${basedir}/../microemu-extensions/microemu-device-minimum/target/microemu-device-minimum-${project.version}.jar</source>
            <destName>${artifactId}-${version}/devices/microemu-device-minimum.jar</destName>
        </file>
        <file>
            <source>${basedir}/../microemu-extensions/microemu-device-resizable/target/microemu-device-resizable-${project.version}.jar</source>
            <destName>${artifactId}-${version}/devices/microemu-device-resizable.jar</destName>
        </file>
        <file>
            <source>${basedir}/../microemu-extensions/microemu-jsr-75/target/microemu-jsr-75-${project.version}.jar</source>
            <destName>${artifactId}-${version}/lib/microemu-jsr-75.jar</destName>
        </file>
        <file>
            <source>${basedir}/../microemu-extensions/microemu-jsr-82/microemu-jsr-82.apache.license-2.0.txt</source>
            <destName>${artifactId}-${version}/lib/microemu-jsr-82.apache.license-2.0.txt</destName>
        </file>
        <file>
            <source>${basedir}/../microemu-extensions/microemu-jsr-82/target/microemu-jsr-82-${project.version}.jar</source>
            <destName>${artifactId}-${version}/lib/microemu-jsr-82.jar</destName>
        </file>
        <file>
            <source>${basedir}/../microemu-extensions/microemu-jsr-120/target/microemu-jsr-120-${project.version}.jar</source>
            <destName>${artifactId}-${version}/lib/microemu-jsr-120.jar</destName>
        </file>
        <file>
            <source>${basedir}/../microemu-extensions/microemu-jsr-135/target/microemu-jsr-135-${project.version}.jar</source>
            <destName>${artifactId}-${version}/lib/microemu-jsr-135.jar</destName>
        </file>
        <file>
            <source>${basedir}/../microemu-extensions/microemu-nokiaui/target/microemu-nokiaui-${project.version}.jar</source>
            <destName>${artifactId}-${version}/lib/microemu-nokiaui.jar</destName>
        </file>

        <file>
            <source>${basedir}/../api/cldcapi10/target/cldcapi10-${project.version}.jar</source>
            <destName>${artifactId}-${version}/lib/cldcapi10.jar</destName>
        </file>
        <file>
            <source>${basedir}/../api/cldcapi11/target/cldcapi11-${project.version}.jar</source>
            <destName>${artifactId}-${version}/lib/cldcapi11.jar</destName>
        </file>
        <file>
            <source>${basedir}/../api/midpapi20/target/midpapi20-${project.version}.jar</source>
            <destName>${artifactId}-${version}/lib/midpapi20.jar</destName>
        </file>

        <file>
            <source>${basedir}/target/microemu-demo.jad</source>
            <destName>${artifactId}-${version}/apps/microemu-demo.jad</destName>
        </file>
        <file>
            <source>${basedir}/../microemu-examples/microemu-demo/target/microemu-demo-${project.version}-me.jar</source>
            <destName>${artifactId}-${version}/apps/microemu-demo.jar</destName>
        </file>
        <file>
            <source>${basedir}/../microemu-examples/microemu-demo/microemu-demo.html</source>
            <destName>${artifactId}-${version}/microemu-demo.html</destName>
        </file>
    </files>
</assembly>