<?xml version="1.0" encoding="ISO-8859-1"?>
<assembly>
    <!-- @version $Revision: 2238 $ ($Author: barteo@gmail.com $) $Date: 2009-12-07 06:50:53 -0500 (Mon, 07 Dec 2009) $ -->
    <id>sources</id>
    <formats>
        <format>zip</format>
    </formats>
    <includeBaseDirectory>false</includeBaseDirectory>
    <fileSets>
        <fileSet>
            <directory>${basedir}/..</directory>
            <outputDirectory>${artifactId}-${version}</outputDirectory>
            <useDefaultExcludes>true</useDefaultExcludes>
            <excludes>
                <exclude>**/target/**</exclude>
                <exclude>**/.settings/**</exclude>
                <exclude>**/*.log</exclude>
                <exclude>**/.*</exclude>
                <exclude>build.properties</exclude>
                <exclude>build.xml</exclude>
            </excludes>
        </fileSet>
    </fileSets>
</assembly>