<?xml version="1.0" encoding="ISO-8859-1"?>
<assembly>
    <!-- @version $Revision: 1183 $ ($Author: vlads $) $Date: 2007-04-26 17:09:27 -0400 (Thu, 26 Apr 2007) $ -->
    <id>sources</id>
    <formats>
        <format>jar</format>
    </formats>
    <includeBaseDirectory>false</includeBaseDirectory>
    <fileSets>
        <fileSet>
            <directory>${basedir}/../microemu-cldc/src/main/java</directory>
            <outputDirectory></outputDirectory>
            <useDefaultExcludes>true</useDefaultExcludes>
        </fileSet>
        <fileSet>
            <directory>${basedir}/../microemu-midp/src/main/java</directory>
            <outputDirectory></outputDirectory>
            <useDefaultExcludes>true</useDefaultExcludes>
        </fileSet>
        <fileSet>
            <directory>${basedir}/../microemu-javase/src/main/java</directory>
            <outputDirectory></outputDirectory>
            <useDefaultExcludes>true</useDefaultExcludes>
        </fileSet>
        <fileSet>
            <directory>${basedir}/../microemu-javase/src/main/resources</directory>
            <outputDirectory></outputDirectory>
            <useDefaultExcludes>true</useDefaultExcludes>
        </fileSet>
        <fileSet>
            <directory>${basedir}/../microemu-javase-swing/src/main/java</directory>
            <outputDirectory></outputDirectory>
            <useDefaultExcludes>true</useDefaultExcludes>
        </fileSet>
        <fileSet>
            <directory>${basedir}/../microemu-javase-swt/src/main/java</directory>
            <outputDirectory></outputDirectory>
            <useDefaultExcludes>true</useDefaultExcludes>
        </fileSet>
    </fileSets>
</assembly>